set,gene,degree,logFC_aging,logFC_ad
ad_only,CYP2A7P1,11,-0.001328307252176586,-0.3973020801054543
ad_only,LOC646588,11,-0.025856535286852944,-0.486279764897833
ad_only,SLC25A46,11,-0.09666636614668633,2.6489464021833973
ad_only,ANKIB1,10,0.0012372172949683957,4.141818816218147
ad_only,ZNF621,10,0.22375484092587106,2.071326163220771
ad_only,LOC101927151,9,-0.039389772510870946,-0.9790305611861906
ad_only,RAE1,9,-0.2550626038113606,-1.850250192226453
ad_only,RHCG,9,-0.015739728924699325,-0.3447547903104271
ad_only,QRICH2,8,0.0274480817999454,-0.41886636051393145
ad_only,STAG3L4,8,-0.08823606432758169,0.4495311400228148
