gene,aging_logFC,ad_logFC,set,direction_class
CD44,1.9536130348687497,0.19127494271341483,aging_only,
TNC,1.2634289245534487,-0.15878808335208427,aging_only,
ANKIB1,-0.20207257966664915,4.142939885021236,ad_only,
SERPINA3,2.133624150302669,-0.4862313118569448,aging_only,
RAE1,-0.025785725090721634,-2.002672154750316,ad_only,
LINC01094,1.394963916671083,0.4071024675813737,aging_only,
APLNR,1.0824927114366887,0.07510552831858774,aging_only,
CD86,1.457042195329428,0.09192135253149258,aging_only,
ZNF621,0.10840921979110796,2.291505466772602,ad_only,
NCKAP1L,0.8142984343359285,-0.10224121514911877,aging_only,
LINC01354,0.8797465006407743,0.11249851978491998,aging_only,
FCGR2A,1.1940164364119525,-0.19150919189922977,aging_only,
SLC14A1,1.3135407797428893,-0.20400813378378935,aging_only,
HLA-DRA,1.2613236420465743,-0.009557579111464154,aging_only,
SYK,1.1447339631150277,-0.16976563126805866,aging_only,
MS4A6A,1.247812974984119,-0.08606637916088467,aging_only,
AEBP1,1.1035843775709235,0.19189999341227626,aging_only,
CLEC7A,1.0656611665328304,0.09374835446832286,aging_only,
APOC1,0.8121276112382749,0.085962208335572,aging_only,
ADORA3,1.6089664856206114,-0.4934504880784152,aging_only,
SYTL4,0.984283167527946,0.28168657069529957,aging_only,
TLR2,1.205335515234686,-0.1858701313907556,aging_only,
SLC25A46,-0.19275730807264824,2.5772464469563654,ad_only,
LAIR1,0.9841553301736533,-0.07072138836456632,aging_only,
CD84,0.9440370202406787,0.08643793095392693,aging_only,
CD74,1.1034699420535237,-0.11963666986871124,aging_only,
SERPINI2,0.05949884261677996,0.9194056085868765,ad_only,
C3,1.0437973947827754,-0.1604659851679544,aging_only,
RNASE6,1.1569343210044778,-0.14999949231829346,aging_only,
CD109,0.9748914585179889,0.17778894775005338,aging_only,
TREM2,1.0776963688323402,-0.1269764496894752,aging_only,
FCGR1B,1.3432119740678548,-0.3727968892217055,aging_only,
CD99,0.6965761357582181,0.21380278664014463,aging_only,
HCLS1,1.1705936464369389,-0.2529904904378675,aging_only,
ITGB2,1.1462208038138884,-0.23749947563544316,aging_only,
VSIG4,1.2589231006701174,-0.144367115244888,aging_only,
BTK,0.32995789156555655,-0.5614539586416829,ad_only,
MS4A7,0.7992636018501884,0.16940633857425547,aging_only,
ID3,0.91789952760615,0.11294027622298941,aging_only,
HAVCR2,0.7739475170266925,-0.15231976689726978,aging_only,
LAT2,0.9558647775250213,-0.2726051300445209,aging_only,
CD300A,1.1667347479112633,-0.3513751927551867,aging_only,
C1QC,1.2212680519121113,-0.42649792540996523,aging_only,
C1QB,1.2071671479561314,-0.29429682322455664,aging_only,
RFX4,0.6852216728963623,0.1259812607849382,aging_only,
IL13RA1,0.816383233600057,-0.0841647341763736,aging_only,
C3AR1,0.7653525454656321,0.022438138161976484,aging_only,
IRF8,0.7717737248626927,-0.03864803311069398,aging_only,
CXCL16,0.6742200925510797,-0.0011503075281869002,aging_only,
HLA-DMA,0.993130928510158,-0.03321297723237815,aging_only,
MYO1F,0.59203776938505,-0.07420047484202352,aging_only,
SH3TC1,1.0191462686836879,-0.34993984398816913,aging_only,
SIGLEC8,0.6251825792785517,0.09109082354498588,aging_only,
LY86,0.9175319496105224,-0.13266225945053423,aging_only,
EMP3,0.8531369008026904,0.028053589755934194,aging_only,
ABCA1,0.4291391291435931,0.3216556406071738,aging_only,
ALOX5AP,1.1953933202169251,-0.364174563226225,aging_only,
GLIS3,0.6433000083370006,0.348872269968302,aging_only,
SLC7A7,0.6662157784928315,0.0851909047090662,aging_only,
ZFP36L1,0.6749940888828304,0.10264969755001685,aging_only,
FAS,0.6797336321333365,0.0023862997028931687,aging_only,
HLA-DMB,0.637239884455109,-0.004708672843896311,aging_only,
IFI16,0.6114270063502536,0.13668733433580194,aging_only,
RHBDF2,0.7584599961439389,0.020259520799782216,aging_only,
C1orf162,1.0347010819274738,-0.08536870404711028,aging_only,
TGFB1,1.0435066838621803,-0.3636052106029535,aging_only,
GPR34,0.993694224533233,-0.08656679933456735,aging_only,
LAPTM5,0.8811270129071083,-0.15998166209702402,aging_only,
DOCK2,0.6516657232013818,-0.05272442215783801,aging_only,
FYB,0.4878985558092579,0.2642123473979221,aging_only,
INPP5D,0.5430687493733548,-0.02321120792056619,aging_only,
SAMD11,0.3909448253940291,0.024481931984632777,aging_only,
FCER1G,0.9909996473264012,-0.178442410411773,aging_only,
DERL1,-0.2626006950060147,0.4212372591407427,ad_only,
HLA-DPB1,0.8891128899894014,-0.013816809821455056,aging_only,
HLA-DRB6,0.5080515416805244,0.1616258876113561,aging_only,
TYROBP,0.8979829510097966,-0.26380339466505265,aging_only,
FMNL3,0.48326239873456234,0.08876813396733896,aging_only,
LOC101927151,-0.0896760796078937,-0.8833679794140696,ad_only,
PRKD3,0.4793775166100449,0.07583414232322938,aging_only,
PALLD,0.5309051423100561,0.18605467036802792,aging_only,
LRRC32,0.6743347891921501,-0.04729750974770752,aging_only,
RNASET2,0.7898297490306083,-0.11832191842068429,aging_only,
NUPR1,0.7217608018772673,0.15745475895216576,aging_only,
CDC14A,0.03666081149135603,0.6471184314699856,ad_only,
CAPG,0.7142618576247615,-0.020529472148925754,aging_only,
KCNN3,0.5834245146427978,0.2060653503580645,aging_only,
RAB29,0.4290485918653486,-0.04524818409851883,aging_only,
MSN,0.5320837507811725,-0.026757604279719294,aging_only,
TMEM176B,0.7453671800735266,-0.07624820598416848,aging_only,
BCHE,-0.6807907141450624,0.003981997511728563,aging_only,
DSE,0.4649234722106068,0.11615880345444207,aging_only,
GPC4,0.7826607281714502,0.07037342234609612,aging_only,
COTL1,0.5168406201636201,-0.14142926524997113,aging_only,
CEBPA,0.5864337162245418,-0.005533521140034914,aging_only,
TRIM22,0.5454899337481183,0.15912784866668406,aging_only,
LCP1,0.661460100642983,-0.14747740787097374,aging_only,
FXYD5,0.7283804751334907,-0.022231013430127344,aging_only,
LY96,0.7589989315887807,-0.13124235468513912,aging_only,
PPP1R18,0.500045979053427,-0.028009003409690036,aging_only,
CYP2A7P1,0.2333534551017562,-0.4878750409825896,ad_only,
SLC7A2,0.778648077644608,0.15296027007139812,aging_only,
GYPC,0.33740386370634745,0.14415594645837326,aging_only,
IL6R,0.6123306006463198,0.044470423075364085,aging_only,
MAOB,0.5705024610485098,0.1461253091362451,aging_only,
IFITM2,0.6131988553460151,-0.06518849781685576,aging_only,
TMEM119,0.6405979934279665,-0.09895072037169284,aging_only,
HLA-E,0.47828255351735516,0.028365146755617854,aging_only,
GIPC3,0.23045663828324892,-0.4763686131313156,ad_only,
BMP2K,0.5013984441224656,0.031536540179578854,aging_only,
SLCO2B1,0.5576344136362443,0.043432895224980506,aging_only,
PIEZO1,0.37010694454327964,0.03508994647109254,aging_only,
OSBPL11,0.45347382652573187,0.16897422482437596,aging_only,
LOC400756,0.10699696571756245,0.3227523777136976,ad_only,
STOM,0.5490709666866467,-0.002791647004265485,aging_only,
C16orf71,0.13374314408190857,-0.32226968901752806,ad_only,
C1R,0.7080122072890382,0.08843753933128462,aging_only,
TGFBR3,0.5039824787189476,0.188737087865386,aging_only,
ZNF160,0.4495284668000712,-0.12380190277942837,aging_only,
SWAP70,0.07164503505984454,0.35550148165150985,ad_only,
SMOX,0.37437876298820927,0.011056534361982173,aging_only,
MYO5C,-0.05640969206620361,0.5105644391806847,ad_only,
VWF,0.6088791987891737,-0.02058579671505978,aging_only,
LRIG1,0.3380872087861607,0.07440570512544031,aging_only,
MT1E,0.5257510216991104,-0.07408162685851849,aging_only,
SYNE2,-0.3967742122916301,0.8112797516437126,ad_only,
TAB2,0.31170069793499977,0.010824421949024776,aging_only,
ONECUT3,0.040463539464514975,0.30526724332943433,ad_only,
MT1G,0.6271311213217797,-0.04157701990402507,aging_only,
MT1H,0.5342207423445486,0.02342885145571305,aging_only,
MED13L,0.36060139901869825,-0.013518346037066253,aging_only,
FAM107A,0.37931679152872844,0.25135433475970803,aging_only,
LINC01000,0.3868061653659326,-0.16516402233354,aging_only,
TXLNGY,-0.5208078943066252,0.06337269483431829,aging_only,
MT2A,0.47006694333696586,-0.02330907183810149,aging_only,
MT1HL1,0.3535593986001432,-0.06404399054674625,aging_only,
FANCF,-0.3240402275342985,0.1573910931576924,aging_only,
RP11-513M16.7,-0.050867652947499065,0.3773630653805863,ad_only,
B3GNTL1,-0.38151900108982084,-0.06789891863889774,aging_only,
GALNT14,-1.01191518921185,-0.15898847000201677,aging_only,
LOC101928647,-0.202034840156043,0.32641047535571,ad_only,
ADORA1,-0.37872591435531955,-0.002647285239750219,aging_only,
RP11-819C21.1,0.151511460511766,-0.4372151197696279,ad_only,
AZIN2,-0.331660038874394,0.050933626678522526,aging_only,
FLJ41170,0.14081575587334783,-0.376954856855381,ad_only,
LA16c-380H5.4,-0.3023479111170624,0.41472028460878474,ad_only,
MAP2K6,-0.3834294315719067,0.15402240681583135,aging_only,
PTN,-0.3840509338790955,0.05541759449582628,aging_only,
LOC100130502,-0.18428062367427533,0.3655412343227634,ad_only,
KIAA1324,0.17821234467427294,-0.3776786543175249,ad_only,
RAD54B,-0.3210620292212675,0.1277393282153385,aging_only,
KRT31,-0.43166976513406186,0.14553450263216527,aging_only,
STS,-0.3852991905333514,-0.04497474882765684,aging_only,
ZNF223,-0.3455010415287134,-0.017135318525571486,aging_only,
GULP1,-0.8159031044532491,0.058301070694242174,aging_only,
HOXA7,-0.10685955723753504,0.31097188201578907,ad_only,
ZNF385D,-0.5285174678840784,-0.020637817023910987,aging_only,
CTD-2587H24.10,-0.16853235036369585,0.3116286324193318,ad_only,
NREP,-0.5130002580520816,-0.0664312354350759,aging_only,
PCDHAC2,-0.5010172490926613,-0.005299882994135419,aging_only,
THEMIS,-0.7821919833565506,0.08555593843922249,aging_only,
GPR63,-0.5154298193782039,0.08587750820204154,aging_only,
DGKI,-0.5905744388597729,-0.0028190864497417145,aging_only,
LOC646588,-0.09976621090345339,-0.3101233586629994,ad_only,
FREM3,-0.11416910895598104,0.38432687476050265,ad_only,
